{
    "accuracy": 0.8190205819730305,
    "f1_score": 0.6341463414634146,
    "precision": 0.6820987654320988,
    "recall": 0.5924932975871313,
    "roc_auc": 0.8618358400529982
}